{
  "Coordinates":
  [
    {
      "Latitude": 23.173850,
      "Longitude": 77.478619,
      "Name": "DP0",
      "DirLat": 51.955474,
      "DirLong": 7.626892,
      "PoILat": 51.954977,
      "PoILong": 7.627236,
      "PoI2Lat": 51.95465,
      "PoI2Long": 7.626539
    }
  ]
}