{
  "Coordinates":
  [
    {
      "Latitude": 51.97285,
      "Longitude": 7.56121,
      "Name": "DP0",
      "DirLat": 51.97430,
      "DirLong": 7.56431,
      "PoILat": 51.97309,
      "PoILong": 7.56454,
      "PoI2Lat": 51.97211,
      "PoI2Long": 7.55981
    }
  ]
}